{
    "footer": "0\nSECTION\n2\nOBJECTS\n0\nDICTIONARY\n5\nC\n100\nAcDbDictionary\n281\n1\n3\nACAD_GROUP\n350\nD\n0\nDICTIONARY\n5\nD\n330\nC\n100\nAcDbDictionary\n281\n1\n0\nENDSEC\n0\nEOF",
    "bspline": "0\nSPLINE\n5\n{NAME}\n330\n1F\n100\nAcDbEntity\n8\n{LAYER}\n6\nCONTINUOUS\n62\n{COLOR}\n100\nAcDbSpline\n{NORMAL}\n70\n{FLAG}\n71\n{DEGREE}\n72\n{KCOUNT}\n73\n{PCOUNT}\n74\n{FCOUNT}\n42\n0.000000001\n43\n0.00000001\n{KNOTS}\n{POINTS}",
    "objects": "0\nSECTION\n2\nOBJECTS\n{OBJECTS}\n0\nENDSEC",
    "xrecord": "100\nAcDbXrecord\n{INDEX}\n{DATA}",
    "line": "0\nLWPOLYLINE\n5\n{NAME}\n330\n1F\n100\nAcDbEntity\n8\n{LAYER}\n62\n{COLOR}\n100\nAcDbPolyline\n90\n{VCOUNT}\n70\n{FLAG}\n43\n0.0\n{POINTS}",
    "text": "0\nTEXT\n5\n{NAME}\n100\nAcDbEntity\n8\n{LAYER}\n6\nByLayer\n62\n256\n100\nAcDbText\n{ORIGIN}\n40\n{HEIGHT}\n1\n{TEXT}\n50\n{ANGLE}\n41\n1\n51\n0\n71\n0\n210\n0\n220\n0\n230\n1\n100\nAcDbText",
    "arc": "0\n{TYPE}\n5\n{NAME}\n330\n1F\n100\nAcDbEntity\n8\n{LAYER}\n62\n{COLOR}\n100\nAcDbCircle\n{DATA}",
    "header": "999\ntrimesh\n0\nSECTION\n2\nHEADER\n9\n$ACADVER\n1\nAC1014\n9\n$DWGCODEPAGE\n3\nANSI_1252\n9\n$INSBASE\n10\n0\n20\n0\n30\n0\n9\n$EXTMIN\n10\n{EXTMIN_X:0.12g}\n20\n{EXTMIN_Y:0.12g}\n30\n{EXTMIN_Z:0.12g}\n9\n$EXTMAX\n10\n{EXTMAX_X:0.12g}\n20\n{EXTMAX_Y:0.12g}\n30\n{EXTMAX_Z:0.12g}\n9\n$LIMMIN\n10\n0\n20\n0\n9\n$LIMMAX\n10\n12\n20\n9\n9\n$ORTHOMODE\n70\n0\n9\n$REGENMODE\n70\n1\n9\n$FILLMODE\n70\n1\n9\n$QTEXTMODE\n70\n0\n9\n$MIRRTEXT\n70\n1\n9\n$LTSCALE\n40\n1\n9\n$ATTMODE\n70\n1\n9\n$TEXTSIZE\n40\n0.2\n9\n$TRACEWID\n40\n0.05\n9\n$TEXTSTYLE\n7\nSTANDARD\n9\n$CLAYER\n8\n0\n9\n$CELTYPE\n6\nBYBLOCK\n9\n$CECOLOR\n62\n256\n9\n$CELTSCALE\n40\n1\n9\n$DISPSILH\n70\n0\n9\n$DIMSCALE\n40\n1\n9\n$DIMASZ\n40\n0.18\n9\n$DIMEXO\n40\n0.0625\n9\n$DIMDLI\n40\n0.38\n9\n$DIMRND\n40\n0\n9\n$DIMDLE\n40\n0\n9\n$DIMEXE\n40\n0.18\n9\n$DIMTP\n40\n0\n9\n$DIMTM\n40\n0\n9\n$DIMTXT\n40\n0.18\n9\n$DIMCEN\n40\n0.09\n9\n$DIMTSZ\n40\n0\n9\n$DIMTOL\n70\n0\n9\n$DIMLIM\n70\n0\n9\n$DIMTIH\n70\n1\n9\n$DIMTOH\n70\n1\n9\n$DIMSE1\n70\n0\n9\n$DIMSE2\n70\n0\n9\n$DIMTAD\n70\n0\n9\n$DIMZIN\n70\n0\n9\n$DIMASO\n70\n1\n9\n$DIMSHO\n70\n1\n9\n$DIMALT\n70\n0\n9\n$DIMALTD\n70\n2\n9\n$DIMALTF\n40\n25.4\n9\n$DIMLFAC\n40\n1\n9\n$DIMTOFL\n70\n0\n9\n$DIMTVP\n40\n0\n9\n$DIMTIX\n70\n0\n9\n$DIMSOXD\n70\n0\n9\n$DIMSAH\n70\n0\n9\n$DIMSTYLE\n2\nSTANDARD\n9\n$DIMCLRD\n70\n0\n9\n$DIMCLRE\n70\n0\n9\n$DIMCLRT\n70\n0\n9\n$DIMTFAC\n40\n1\n9\n$DIMGAP\n40\n0.09\n9\n$DIMJUST\n70\n0\n9\n$DIMSD1\n70\n0\n9\n$DIMSD2\n70\n0\n9\n$DIMTOLJ\n70\n1\n9\n$DIMTZIN\n70\n0\n9\n$DIMALTZ\n70\n0\n9\n$DIMALTTZ\n70\n0\n9\n$DIMUPT\n70\n0\n9\n$DIMDEC\n70\n4\n9\n$DIMTDEC\n70\n4\n9\n$DIMALTU\n70\n2\n9\n$DIMALTTD\n70\n2\n9\n$DIMTXSTY\n7\nSTANDARD\n9\n$DIMAUNIT\n70\n0\n9\n$DIMADEC\n70\n0\n9\n$DIMALTRND\n40\n0\n9\n$DIMAZIN\n70\n0\n9\n$DIMDSEP\n70\n44\n9\n$DIMATFIT\n70\n3\n9\n$DIMFRAC\n70\n0\n9\n$DIMLDRBLK\n1\nSTANDARD\n9\n$DIMUNIT\n70\n2\n9\n$DIMLWD\n70\n-2\n9\n$DIMLWE\n70\n-2\n9\n$DIMTMOVE\n70\n0\n9\n$LUNITS\n70\n{LUNITS:d}\n9\n$LUPREC\n70\n4\n9\n$SKETCHINC\n40\n0.1\n9\n$FILLETRAD\n40\n0.5\n9\n$AUNITS\n70\n0\n9\n$AUPREC\n70\n0\n9\n$MENU\n1\n.\n9\n$ELEVATION\n40\n0\n9\n$PELEVATION\n40\n0\n9\n$THICKNESS\n40\n0\n9\n$LIMCHECK\n70\n0\n9\n$BLIPMODE\n70\n0\n9\n$CHAMFERA\n40\n0\n9\n$CHAMFERB\n40\n0\n9\n$CHAMFERC\n40\n0\n9\n$CHAMFERD\n40\n0\n9\n$SKPOLY\n70\n0\n9\n$USRTIMER\n70\n1\n9\n$ANGBASE\n50\n0\n9\n$ANGDIR\n70\n0\n9\n$PDMODE\n70\n0\n9\n$PDSIZE\n40\n0\n9\n$PLINEWID\n40\n0\n9\n$SPLFRAME\n70\n0\n9\n$SPLINETYPE\n70\n6\n9\n$SPLINESEGS\n70\n8\n9\n$HANDSEED\n5\n20000\n9\n$SURFTAB1\n70\n6\n9\n$SURFTAB2\n70\n6\n9\n$SURFTYPE\n70\n6\n9\n$SURFU\n70\n6\n9\n$SURFV\n70\n6\n9\n$UCSORG\n10\n0\n20\n0\n30\n0\n9\n$UCSXDIR\n10\n1\n20\n0\n30\n0\n9\n$UCSYDIR\n10\n0\n20\n1\n30\n0\n9\n$UCSORTHOVIEW\n70\n0\n9\n$UCSORGTOP\n10\n0\n20\n0\n30\n0\n9\n$UCSORGBOTTOM\n10\n0\n20\n0\n30\n0\n9\n$UCSORGLEFT\n10\n0\n20\n0\n30\n0\n9\n$UCSORGRIGHT\n10\n0\n20\n0\n30\n0\n9\n$UCSORGFRONT\n10\n0\n20\n0\n30\n0\n9\n$UCSORGBACK\n10\n0\n20\n0\n30\n0\n9\n$PUCSORG\n10\n0\n20\n0\n30\n0\n9\n$PUCSXDIR\n10\n1\n20\n0\n30\n0\n9\n$PUCSYDIR\n10\n0\n20\n1\n30\n0\n9\n$PUCSORTHOVIEW\n70\n0\n9\n$PUCSORGTOP\n10\n0\n20\n0\n30\n0\n9\n$PUCSORGBOTTOM\n10\n0\n20\n0\n30\n0\n9\n$PUCSORGLEFT\n10\n0\n20\n0\n30\n0\n9\n$PUCSORGRIGHT\n10\n0\n20\n0\n30\n0\n9\n$PUCSORGFRONT\n10\n0\n20\n0\n30\n0\n9\n$PUCSORGBACK\n10\n0\n20\n0\n30\n0\n9\n$USERI1\n70\n0\n9\n$USERI2\n70\n0\n9\n$USERI3\n70\n0\n9\n$USERI4\n70\n0\n9\n$USERI5\n70\n0\n9\n$USERR1\n40\n0\n9\n$USERR2\n40\n0\n9\n$USERR3\n40\n0\n9\n$USERR4\n40\n0\n9\n$USERR5\n40\n0\n9\n$WORLDVIEW\n70\n1\n9\n$SHADEDGE\n70\n3\n9\n$SHADEDIF\n70\n70\n9\n$TILEMODE\n70\n1\n9\n$MAXACTVP\n70\n64\n9\n$PINSBASE\n10\n0\n20\n0\n30\n0\n9\n$PLIMCHECK\n70\n0\n9\n$PEXTMIN\n10\n1e+20\n20\n1e+20\n30\n1e+20\n9\n$PEXTMAX\n10\n-1e+20\n20\n-1e+20\n30\n-1e+20\n9\n$GRIDMODE\n70\n0\n9\n$SNAPSTYLE\n70\n0\n9\n$PLIMMIN\n10\n0\n20\n0\n9\n$PLIMMAX\n10\n0\n20\n0\n9\n$UNITMODE\n70\n0\n9\n$VISRETAIN\n70\n1\n9\n$PLINEGEN\n70\n0\n9\n$PSLTSCALE\n70\n1\n9\n$TREEDEPTH\n70\n3020\n9\n$CMLSTYLE\n2\nSTANDARD\n9\n$CMLJUST\n70\n0\n9\n$CMLSCALE\n40\n1\n9\n$PROXYGRAPHICS\n70\n1\n9\n$MEASUREMENT\n70\n0\n9\n$CELWEIGHT\n370\n-1\n9\n$ENDCAPS\n280\n0\n9\n$JOINSTYLE\n280\n0\n9\n$LWDISPLAY\n290\n0\n9\n$XEDIT\n290\n1\n9\n$CEPSNTYPE\n380\n0\n9\n$PSTYLEMODE\n290\n1\n9\n$EXTNAMES\n290\n1\n9\n$PSVPSCALE\n40\n1\n9\n$OLESTARTUP\n290\n0\n0\nENDSEC\n0\nSECTION\n2\nCLASSES\n0\nENDSEC\n0\nSECTION\n2\nTABLES\n0\nTABLE\n2\nVPORT\n5\n8\n100\nAcDbSymbolTable\n70\n1\n0\nVPORT\n5\n31\n330\n2\n100\nAcDbSymbolTableRecord\n100\nAcDbViewportTableRecord\n2\n*ACTIVE\n70\n0\n10\n0\n20\n0\n11\n1\n21\n1\n12\n354.791887455375\n22\n270.82508654025\n13\n0\n23\n0\n14\n10\n24\n10\n15\n10\n25\n10\n16\n0\n26\n0\n36\n1\n17\n0\n27\n0\n37\n0\n40\n650.7886407907502\n41\n1.281197063805759\n42\n50\n43\n0\n44\n0\n50\n0\n51\n0\n71\n0\n72\n100\n73\n1\n74\n3\n75\n0\n76\n0\n77\n0\n78\n0\n0\nENDTAB\n0\nTABLE\n2\nLTYPE\n5\n5\n100\nAcDbSymbolTable\n70\n4\n0\nLTYPE\n5\n14\n100\nAcDbSymbolTableRecord\n100\nAcDbLinetypeTableRecord\n2\nByBlock\n70\n0\n72\n65\n73\n0\n40\n0\n0\nLTYPE\n5\n15\n100\nAcDbSymbolTableRecord\n100\nAcDbLinetypeTableRecord\n2\nByLayer\n70\n0\n72\n65\n73\n0\n40\n0\n0\nLTYPE\n5\n16\n100\nAcDbSymbolTableRecord\n100\nAcDbLinetypeTableRecord\n2\nContinuous\n70\n0\n3\nSolid|<^>|line\n72\n65\n73\n0\n40\n0\n0\nLTYPE\n5\n32\n330\n5\n100\nAcDbSymbolTableRecord\n100\nAcDbLinetypeTableRecord\n2\nDOT\n70\n0\n3\nDot|<^>|.|<^>|.|<^>|.|<^>|.|<^>|.|<^>|.|<^>|.|<^>|.|<^>|.|<^>|.|<^>|.|<^>|.|<^>|.|<^>|.|<^>|.|<^>|.|<^>|.|<^>|.|<^>|.|<^>|.|<^>|.|<^>|.\n72\n65\n73\n2\n40\n6.35\n49\n0\n74\n0\n49\n-6.35\n74\n0\n0\nLTYPE\n5\n33\n330\n5\n100\nAcDbSymbolTableRecord\n100\nAcDbLinetypeTableRecord\n2\nDOTTINY\n70\n0\n3\nDot|<^>|(.15x)|<^>|.....................................\n72\n65\n73\n2\n40\n0.9525\n49\n0\n74\n0\n49\n-0.9525\n74\n0\n0\nLTYPE\n5\n34\n330\n5\n100\nAcDbSymbolTableRecord\n100\nAcDbLinetypeTableRecord\n2\nDOT2\n70\n0\n3\nDot|<^>|(.5x)|<^>|.....................................\n72\n65\n73\n2\n40\n3.175\n49\n0\n74\n0\n49\n-3.175\n74\n0\n0\nLTYPE\n5\n35\n330\n5\n100\nAcDbSymbolTableRecord\n100\nAcDbLinetypeTableRecord\n2\nDOTX2\n70\n0\n3\nDot|<^>|(2x)|<^>|.|<^>||<^>|.|<^>||<^>|.|<^>||<^>|.|<^>||<^>|.|<^>||<^>|.|<^>||<^>|.|<^>||<^>|.|<^>||<^>|.|<^>||<^>|.|<^>||<^>|.|<^>||<^>|.|<^>||<^>|.\n72\n65\n73\n2\n40\n12.7\n49\n0\n74\n0\n49\n-12.7\n74\n0\n0\nLTYPE\n5\n36\n330\n5\n100\nAcDbSymbolTableRecord\n100\nAcDbLinetypeTableRecord\n2\nDASHED\n70\n0\n3\nDashed|<^>|_|<^>|_|<^>|_|<^>|_|<^>|_|<^>|_|<^>|_|<^>|_|<^>|_|<^>|_|<^>|_|<^>|_|<^>|_|<^>|_|<^>|_|<^>|_|<^>|_\n72\n65\n73\n2\n40\n19.05\n49\n12.7\n74\n0\n49\n-6.35\n74\n0\n0\nLTYPE\n5\n37\n330\n5\n100\nAcDbSymbolTableRecord\n100\nAcDbLinetypeTableRecord\n2\nDASHEDTINY\n70\n0\n3\nDashed|<^>|(.15x)|<^>|_|<^>|_|<^>|_|<^>|_|<^>|_|<^>|_|<^>|_|<^>|_|<^>|_|<^>|_|<^>|_|<^>|_|<^>|_|<^>|_|<^>|_|<^>|_|<^>|_\n72\n65\n73\n2\n40\n2.8575\n49\n1.905\n74\n0\n49\n-0.9525\n74\n0\n0\nLTYPE\n5\n38\n330\n5\n100\nAcDbSymbolTableRecord\n100\nAcDbLinetypeTableRecord\n2\nDASHED2\n70\n0\n3\nDashed|<^>|(.5x)|<^>|_|<^>|_|<^>|_|<^>|_|<^>|_|<^>|_|<^>|_|<^>|_|<^>|_|<^>|_|<^>|_|<^>|_|<^>|_|<^>|_|<^>|_|<^>|_|<^>|_\n72\n65\n73\n2\n40\n9.524999999999999\n49\n6.35\n74\n0\n49\n-3.175\n74\n0\n0\nLTYPE\n5\n39\n330\n5\n100\nAcDbSymbolTableRecord\n100\nAcDbLinetypeTableRecord\n2\nDASHEDX2\n70\n0\n3\nDashed|<^>|(2x)|<^>|____|<^>||<^>|____|<^>||<^>|____|<^>||<^>|____|<^>||<^>|____|<^>||<^>|___\n72\n65\n73\n2\n40\n38.09999999999999\n49\n25.4\n74\n0\n49\n-12.7\n74\n0\n0\nLTYPE\n5\n3A\n330\n5\n100\nAcDbSymbolTableRecord\n100\nAcDbLinetypeTableRecord\n2\nDASHDOT\n70\n0\n3\nDash|<^>|dot|<^>|__|<^>|.|<^>|__|<^>|.|<^>|__|<^>|.|<^>|__|<^>|.|<^>|__|<^>|.|<^>|__|<^>|.|<^>|__|<^>|.|<^>|__\n72\n65\n73\n4\n40\n25.4\n49\n12.7\n74\n0\n49\n-6.35\n74\n0\n49\n0\n74\n0\n49\n-6.35\n74\n0\n0\nLTYPE\n5\n3B\n330\n5\n100\nAcDbSymbolTableRecord\n100\nAcDbLinetypeTableRecord\n2\nDASHDOTTINY\n70\n0\n3\nDash|<^>|dot|<^>|(.15x)|<^>|_._._._._._._._._._._._._._._.\n72\n65\n73\n4\n40\n3.81\n49\n1.905\n74\n0\n49\n-0.9525\n74\n0\n49\n0\n74\n0\n49\n-0.9525\n74\n0\n0\nLTYPE\n5\n3C\n330\n5\n100\nAcDbSymbolTableRecord\n100\nAcDbLinetypeTableRecord\n2\nDASHDOT2\n70\n0\n3\nDash|<^>|dot|<^>|(.5x)|<^>|_._._._._._._._._._._._._._._.\n72\n65\n73\n4\n40\n12.7\n49\n6.35\n74\n0\n49\n-3.175\n74\n0\n49\n0\n74\n0\n49\n-3.175\n74\n0\n0\nLTYPE\n5\n3D\n330\n5\n100\nAcDbSymbolTableRecord\n100\nAcDbLinetypeTableRecord\n2\nDASHDOTX2\n70\n0\n3\nDash|<^>|dot|<^>|(2x)|<^>|____|<^>||<^>|.|<^>||<^>|____|<^>||<^>|.|<^>||<^>|____|<^>||<^>|.|<^>||<^>|___\n72\n65\n73\n4\n40\n50.8\n49\n25.4\n74\n0\n49\n-12.7\n74\n0\n49\n0\n74\n0\n49\n-12.7\n74\n0\n0\nLTYPE\n5\n3E\n330\n5\n100\nAcDbSymbolTableRecord\n100\nAcDbLinetypeTableRecord\n2\nDIVIDE\n70\n0\n3\nDivide|<^>|____|<^>|.|<^>|.|<^>|____|<^>|.|<^>|.|<^>|____|<^>|.|<^>|.|<^>|____|<^>|.|<^>|.|<^>|____\n72\n65\n73\n6\n40\n31.75\n49\n12.7\n74\n0\n49\n-6.35\n74\n0\n49\n0\n74\n0\n49\n-6.35\n74\n0\n49\n0\n74\n0\n49\n-6.35\n74\n0\n0\nLTYPE\n5\n3F\n330\n5\n100\nAcDbSymbolTableRecord\n100\nAcDbLinetypeTableRecord\n2\nDIVIDETINY\n70\n0\n3\nDivide|<^>|(.15x)|<^>|__..__..__..__..__..__..__..__.._\n72\n65\n73\n6\n40\n4.7625\n49\n1.905\n74\n0\n49\n-0.9525\n74\n0\n49\n0\n74\n0\n49\n-0.9525\n74\n0\n49\n0\n74\n0\n49\n-0.9525\n74\n0\n0\nLTYPE\n5\n40\n330\n5\n100\nAcDbSymbolTableRecord\n100\nAcDbLinetypeTableRecord\n2\nDIVIDE2\n70\n0\n3\nDivide|<^>|(.5x)|<^>|__..__..__..__..__..__..__..__.._\n72\n65\n73\n6\n40\n15.875\n49\n6.35\n74\n0\n49\n-3.175\n74\n0\n49\n0\n74\n0\n49\n-3.175\n74\n0\n49\n0\n74\n0\n49\n-3.175\n74\n0\n0\nLTYPE\n5\n41\n330\n5\n100\nAcDbSymbolTableRecord\n100\nAcDbLinetypeTableRecord\n2\nDIVIDEX2\n70\n0\n3\nDivide|<^>|(2x)|<^>|________|<^>||<^>|.|<^>||<^>|.|<^>||<^>|________|<^>||<^>|.|<^>||<^>|.|<^>||<^>|_\n72\n65\n73\n6\n40\n63.5\n49\n25.4\n74\n0\n49\n-12.7\n74\n0\n49\n0\n74\n0\n49\n-12.7\n74\n0\n49\n0\n74\n0\n49\n-12.7\n74\n0\n0\nLTYPE\n5\n42\n330\n5\n100\nAcDbSymbolTableRecord\n100\nAcDbLinetypeTableRecord\n2\nBORDER\n70\n0\n3\nBorder|<^>|__|<^>|__|<^>|.|<^>|__|<^>|__|<^>|.|<^>|__|<^>|__|<^>|.|<^>|__|<^>|__|<^>|.|<^>|__|<^>|__|<^>|.\n72\n65\n73\n6\n40\n44.45\n49\n12.7\n74\n0\n49\n-6.35\n74\n0\n49\n12.7\n74\n0\n49\n-6.35\n74\n0\n49\n0\n74\n0\n49\n-6.35\n74\n0\n0\nLTYPE\n5\n43\n330\n5\n100\nAcDbSymbolTableRecord\n100\nAcDbLinetypeTableRecord\n2\nBORDERTINY\n70\n0\n3\nBorder|<^>|(.15x)|<^>|__.__.__.__.__.__.__.__.__.__.__.\n72\n65\n73\n6\n40\n6.6675\n49\n1.905\n74\n0\n49\n-0.9525\n74\n0\n49\n1.905\n74\n0\n49\n-0.9525\n74\n0\n49\n0\n74\n0\n49\n-0.9525\n74\n0\n0\nLTYPE\n5\n44\n330\n5\n100\nAcDbSymbolTableRecord\n100\nAcDbLinetypeTableRecord\n2\nBORDER2\n70\n0\n3\nBorder|<^>|(.5x)|<^>|__.__.__.__.__.__.__.__.__.__.__.\n72\n65\n73\n6\n40\n22.225\n49\n6.35\n74\n0\n49\n-3.175\n74\n0\n49\n6.35\n74\n0\n49\n-3.175\n74\n0\n49\n0\n74\n0\n49\n-3.175\n74\n0\n0\nLTYPE\n5\n45\n330\n5\n100\nAcDbSymbolTableRecord\n100\nAcDbLinetypeTableRecord\n2\nBORDERX2\n70\n0\n3\nBorder|<^>|(2x)|<^>|____|<^>||<^>|____|<^>||<^>|.|<^>||<^>|____|<^>||<^>|____|<^>||<^>|.|<^>||<^>|___\n72\n65\n73\n6\n40\n88.89999999999999\n49\n25.4\n74\n0\n49\n-12.7\n74\n0\n49\n25.4\n74\n0\n49\n-12.7\n74\n0\n49\n0\n74\n0\n49\n-12.7\n74\n0\n0\nLTYPE\n5\n46\n330\n5\n100\nAcDbSymbolTableRecord\n100\nAcDbLinetypeTableRecord\n2\nCENTER\n70\n0\n3\nCenter|<^>|____|<^>|_|<^>|____|<^>|_|<^>|____|<^>|_|<^>|____|<^>|_|<^>|____|<^>|_|<^>|____\n72\n65\n73\n4\n40\n50.8\n49\n31.75\n74\n0\n49\n-6.35\n74\n0\n49\n6.35\n74\n0\n49\n-6.35\n74\n0\n0\nLTYPE\n5\n47\n330\n5\n100\nAcDbSymbolTableRecord\n100\nAcDbLinetypeTableRecord\n2\nCENTERTINY\n70\n0\n3\nCenter|<^>|(.15x)|<^>|___|<^>|_|<^>|___|<^>|_|<^>|___|<^>|_|<^>|___|<^>|_|<^>|___|<^>|_|<^>|___\n72\n65\n73\n4\n40\n7.619999999999999\n49\n4.7625\n74\n0\n49\n-0.9525\n74\n0\n49\n0.9525\n74\n0\n49\n-0.9525\n74\n0\n0\nLTYPE\n5\n48\n330\n5\n100\nAcDbSymbolTableRecord\n100\nAcDbLinetypeTableRecord\n2\nCENTER2\n70\n0\n3\nCenter|<^>|(.5x)|<^>|___|<^>|_|<^>|___|<^>|_|<^>|___|<^>|_|<^>|___|<^>|_|<^>|___|<^>|_|<^>|___\n72\n65\n73\n4\n40\n28.575\n49\n19.05\n74\n0\n49\n-3.175\n74\n0\n49\n3.175\n74\n0\n49\n-3.175\n74\n0\n0\nLTYPE\n5\n49\n330\n5\n100\nAcDbSymbolTableRecord\n100\nAcDbLinetypeTableRecord\n2\nCENTERX2\n70\n0\n3\nCenter|<^>|(2x)|<^>|________|<^>||<^>|__|<^>||<^>|________|<^>||<^>|__|<^>||<^>|_____\n72\n65\n73\n4\n40\n101.6\n49\n63.5\n74\n0\n49\n-12.7\n74\n0\n49\n12.7\n74\n0\n49\n-12.7\n74\n0\n0\nENDTAB\n0\nTABLE\n2\nLAYER\n5\n2\n100\nAcDbSymbolTable\n70\n1\n0\nLAYER\n5\n10\n330\n2\n100\nAcDbSymbolTableRecord\n100\nAcDbLayerTableRecord\n2\n0\n70\n0\n62\n7\n6\nCONTINUOUS\n370\n0\n390\nF\n0\nLAYER\n5\n4A\n330\n2\n100\nAcDbSymbolTableRecord\n100\nAcDbLayerTableRecord\n2\nNone\n70\n0\n62\n7\n6\nCONTINUOUS\n370\n-3\n390\nF\n0\nENDTAB\n0\nTABLE\n2\nSTYLE\n5\n3\n100\nAcDbSymbolTable\n70\n3\n0\nSTYLE\n5\n4B\n330\n2\n100\nAcDbSymbolTableRecord\n100\nAcDbTextStyleTableRecord\n2\nStandard\n70\n0\n40\n0\n41\n1\n50\n0\n71\n0\n42\n1\n3\ntxt\n0\nENDTAB\n0\nTABLE\n2\nVIEW\n5\n6\n100\nAcDbSymbolTable\n70\n0\n0\nENDTAB\n0\nTABLE\n2\nUCS\n5\n7\n100\nAcDbSymbolTable\n70\n0\n0\nENDTAB\n0\nTABLE\n2\nAPPID\n5\n9\n100\nAcDbSymbolTable\n70\n1\n0\nAPPID\n5\n12\n100\nAcDbSymbolTableRecord\n100\nAcDbRegAppTableRecord\n2\nACAD\n70\n0\n0\nAPPID\n5\n4C\n100\nAcDbSymbolTableRecord\n100\nAcDbRegAppTableRecord\n2\nLibreCad\n70\n0\n0\nENDTAB\n0\nTABLE\n2\nDIMSTYLE\n5\nA\n100\nAcDbSymbolTable\n70\n1\n0\nDIMSTYLE\n105\n4D\n330\nA\n100\nAcDbSymbolTableRecord\n100\nAcDbDimStyleTableRecord\n2\nStandard\n70\n0\n40\n1\n41\n0.18\n42\n0.0625\n43\n0.38\n44\n0.18\n45\n0\n46\n0\n47\n0\n48\n0\n49\n1\n140\n0.18\n141\n0.09\n142\n0\n143\n25.4\n144\n1\n145\n0\n146\n1\n147\n0.09\n71\n0\n72\n0\n73\n1\n74\n1\n75\n0\n76\n0\n77\n0\n78\n0\n170\n0\n171\n2\n172\n0\n173\n0\n174\n0\n175\n0\n176\n0\n177\n0\n178\n0\n270\n2\n271\n4\n272\n4\n273\n2\n274\n2\n275\n0\n280\n0\n281\n0\n282\n0\n283\n1\n284\n0\n285\n0\n286\n0\n287\n3\n288\n0\n340\nSTANDARD\n0\nENDTAB\n0\nTABLE\n2\nBLOCK_RECORD\n5\n1\n100\nAcDbSymbolTable\n70\n2\n0\nBLOCK_RECORD\n5\n1F\n100\nAcDbSymbolTableRecord\n100\nAcDbBlockTableRecord\n2\n*Model_Space\n0\nBLOCK_RECORD\n5\n1E\n100\nAcDbSymbolTableRecord\n100\nAcDbBlockTableRecord\n2\n*Paper_Space\n0\nENDTAB\n0\nENDSEC\n0\nSECTION\n2\nBLOCKS\n0\nBLOCK\n5\n20\n100\nAcDbEntity\n8\n0\n100\nAcDbBlockBegin\n2\n*Model_Space\n70\n0\n10\n0\n20\n0\n30\n0\n3\n*Model_Space\n0\nENDBLK\n5\n21\n100\nAcDbEntity\n8\n0\n100\nAcDbBlockEnd\n0\nBLOCK\n5\n1C\n100\nAcDbEntity\n8\n0\n100\nAcDbBlockBegin\n2\n*Paper_Space\n70\n0\n10\n0\n20\n0\n30\n0\n3\n*Paper_Space\n0\nENDBLK\n5\n1D\n100\nAcDbEntity\n8\n0\n100\nAcDbBlockEnd\n0\nENDSEC",
    "entities": "0\nSECTION\n2\nENTITIES\n{ENTITIES}\n0\nENDSEC"
}